split,hazy_path,gt_path,group_id,match_type
train,NH-HAZE/01_hazy.png,NH-HAZE/01_GT.png,NH-HAZE/01_GT.png,key:01
train,NH-HAZE/02_hazy.png,NH-HAZE/02_GT.png,NH-HAZE/02_GT.png,key:02
train,NH-HAZE/03_hazy.png,NH-HAZE/03_GT.png,NH-HAZE/03_GT.png,key:03
train,NH-HAZE/04_hazy.png,NH-HAZE/04_GT.png,NH-HAZE/04_GT.png,key:04
train,NH-HAZE/05_hazy.png,NH-HAZE/05_GT.png,NH-HAZE/05_GT.png,key:05
train,NH-HAZE/06_hazy.png,NH-HAZE/06_GT.png,NH-HAZE/06_GT.png,key:06
train,NH-HAZE/07_hazy.png,NH-HAZE/07_GT.png,NH-HAZE/07_GT.png,key:07
train,NH-HAZE/08_hazy.png,NH-HAZE/08_GT.png,NH-HAZE/08_GT.png,key:08
train,NH-HAZE/09_hazy.png,NH-HAZE/09_GT.png,NH-HAZE/09_GT.png,key:09
train,NH-HAZE/10_hazy.png,NH-HAZE/10_GT.png,NH-HAZE/10_GT.png,key:10
train,NH-HAZE/11_hazy.png,NH-HAZE/11_GT.png,NH-HAZE/11_GT.png,key:11
train,NH-HAZE/12_hazy.png,NH-HAZE/12_GT.png,NH-HAZE/12_GT.png,key:12
train,NH-HAZE/13_hazy.png,NH-HAZE/13_GT.png,NH-HAZE/13_GT.png,key:13
train,NH-HAZE/14_hazy.png,NH-HAZE/14_GT.png,NH-HAZE/14_GT.png,key:14
train,NH-HAZE/15_hazy.png,NH-HAZE/15_GT.png,NH-HAZE/15_GT.png,key:15
train,NH-HAZE/16_hazy.png,NH-HAZE/16_GT.png,NH-HAZE/16_GT.png,key:16
train,NH-HAZE/17_hazy.png,NH-HAZE/17_GT.png,NH-HAZE/17_GT.png,key:17
train,NH-HAZE/18_hazy.png,NH-HAZE/18_GT.png,NH-HAZE/18_GT.png,key:18
train,NH-HAZE/19_hazy.png,NH-HAZE/19_GT.png,NH-HAZE/19_GT.png,key:19
train,NH-HAZE/20_hazy.png,NH-HAZE/20_GT.png,NH-HAZE/20_GT.png,key:20
train,NH-HAZE/21_hazy.png,NH-HAZE/21_GT.png,NH-HAZE/21_GT.png,key:21
train,NH-HAZE/22_hazy.png,NH-HAZE/22_GT.png,NH-HAZE/22_GT.png,key:22
train,NH-HAZE/23_hazy.png,NH-HAZE/23_GT.png,NH-HAZE/23_GT.png,key:23
train,NH-HAZE/24_hazy.png,NH-HAZE/24_GT.png,NH-HAZE/24_GT.png,key:24
train,NH-HAZE/25_hazy.png,NH-HAZE/25_GT.png,NH-HAZE/25_GT.png,key:25
train,NH-HAZE/26_hazy.png,NH-HAZE/26_GT.png,NH-HAZE/26_GT.png,key:26
train,NH-HAZE/27_hazy.png,NH-HAZE/27_GT.png,NH-HAZE/27_GT.png,key:27
train,NH-HAZE/28_hazy.png,NH-HAZE/28_GT.png,NH-HAZE/28_GT.png,key:28
train,NH-HAZE/29_hazy.png,NH-HAZE/29_GT.png,NH-HAZE/29_GT.png,key:29
train,NH-HAZE/30_hazy.png,NH-HAZE/30_GT.png,NH-HAZE/30_GT.png,key:30
train,NH-HAZE/31_hazy.png,NH-HAZE/31_GT.png,NH-HAZE/31_GT.png,key:31
train,NH-HAZE/32_hazy.png,NH-HAZE/32_GT.png,NH-HAZE/32_GT.png,key:32
train,NH-HAZE/33_hazy.png,NH-HAZE/33_GT.png,NH-HAZE/33_GT.png,key:33
train,NH-HAZE/34_hazy.png,NH-HAZE/34_GT.png,NH-HAZE/34_GT.png,key:34
train,NH-HAZE/35_hazy.png,NH-HAZE/35_GT.png,NH-HAZE/35_GT.png,key:35
train,NH-HAZE/36_hazy.png,NH-HAZE/36_GT.png,NH-HAZE/36_GT.png,key:36
train,NH-HAZE/37_hazy.png,NH-HAZE/37_GT.png,NH-HAZE/37_GT.png,key:37
train,NH-HAZE/38_hazy.png,NH-HAZE/38_GT.png,NH-HAZE/38_GT.png,key:38
train,NH-HAZE/39_hazy.png,NH-HAZE/39_GT.png,NH-HAZE/39_GT.png,key:39
train,NH-HAZE/40_hazy.png,NH-HAZE/40_GT.png,NH-HAZE/40_GT.png,key:40
train,NH-HAZE/41_hazy.png,NH-HAZE/41_GT.png,NH-HAZE/41_GT.png,key:41
train,NH-HAZE/42_hazy.png,NH-HAZE/42_GT.png,NH-HAZE/42_GT.png,key:42
train,NH-HAZE/43_hazy.png,NH-HAZE/43_GT.png,NH-HAZE/43_GT.png,key:43
train,NH-HAZE/44_hazy.png,NH-HAZE/44_GT.png,NH-HAZE/44_GT.png,key:44
train,NH-HAZE/45_hazy.png,NH-HAZE/45_GT.png,NH-HAZE/45_GT.png,key:45
