epoch,stage,train_loss,val_psnr,val_ssim,best_psnr,best_ssim,early_stop_counter,plateau_bad_epochs,lr_reductions,route_factor,physics_weight,is_best,is_base_baseline,lr_new_modules,lr_residual_refiner,lr_isp,lr_efficientvit_late,lr_prior_fusion
0,stage1_reconstruction_refiner,,17.145307033926198,0.6311480760574341,17.145307033926198,0.6311480760574341,0,0,0,1.0,0.0,1,1,2e-05,1e-05,5e-06,2e-06,1e-06
1,stage1_reconstruction_refiner,0.25504137078921,17.568816591589975,0.6350432753562927,17.568816591589975,0.6350432753562927,0,0,0,1.0,0.0,1,0,4.080000000000001e-06,2.08e-06,1.0800000000000002e-06,4.800000000000001e-07,2.7999999999999997e-07
2,stage1_reconstruction_refiner,0.21385627653863695,18.16431460442015,0.6404973864555359,18.16431460442015,0.6404973864555359,0,0,0,0.975,0.0,1,0,8.060000000000002e-06,4.06e-06,2.06e-06,8.6e-07,4.6e-07
3,stage1_reconstruction_refiner,0.2116060968902376,18.750389758591545,0.6453018307685852,18.750389758591545,0.6453018307685852,0,0,0,0.95,0.0,1,0,1.2040000000000002e-05,6.04e-06,3.04e-06,1.24e-06,6.399999999999999e-07
4,stage1_reconstruction_refiner,0.1926751567257775,19.061735445774826,0.6480255603790284,19.061735445774826,0.6480255603790284,0,0,0,0.925,0.0,1,0,1.6020000000000002e-05,8.020000000000001e-06,4.0200000000000005e-06,1.6200000000000002e-06,8.2e-07
5,stage1_reconstruction_refiner,0.20181986523999107,19.37071633645602,0.6542618870735168,19.37071633645602,0.6542618870735168,0,0,0,0.9,0.0,1,0,2e-05,1e-05,5e-06,2e-06,1e-06
6,stage1_reconstruction_refiner,0.202658141652743,19.98301855004913,0.669734787940979,19.98301855004913,0.669734787940979,0,0,0,0.875,0.0,1,0,2e-05,1e-05,5e-06,2e-06,1e-06
7,stage1_reconstruction_refiner,0.20357492566108704,20.288363767568434,0.6821298599243164,20.288363767568434,0.6821298599243164,0,0,0,0.85,0.0,1,0,2e-05,1e-05,5e-06,2e-06,1e-06
8,stage1_reconstruction_refiner,0.18252168264653948,20.593928168547244,0.692904269695282,20.593928168547244,0.692904269695282,0,0,0,0.825,0.0,1,0,2e-05,1e-05,5e-06,2e-06,1e-06
9,stage1_reconstruction_refiner,0.16905728644794887,20.841813919133326,0.6987151503562927,20.841813919133326,0.6987151503562927,0,0,0,0.8,0.0,1,0,2e-05,1e-05,5e-06,2e-06,1e-06
10,stage1_reconstruction_refiner,0.18467128939098781,20.98076631233397,0.703731095790863,20.98076631233397,0.703731095790863,0,0,0,0.775,0.0,1,0,2e-05,1e-05,5e-06,2e-06,1e-06
11,stage2_add_isp_prior_fusion,0.18961144652631548,21.081026710608835,0.7032011151313782,21.081026710608835,0.7032011151313782,0,0,0,0.75,0.0005,1,0,2e-05,1e-05,5e-06,2e-06,1e-06
12,stage2_add_isp_prior_fusion,0.17134221394856772,21.369320472819474,0.7078542828559875,21.369320472819474,0.7078542828559875,0,0,0,0.725,0.001,1,0,2e-05,1e-05,5e-06,2e-06,1e-06
13,stage2_add_isp_prior_fusion,0.17883965207470787,21.246760062023178,0.7117841124534607,21.369320472819474,0.7078542828559875,1,1,0,0.7,0.0015,0,0,2e-05,1e-05,5e-06,2e-06,1e-06
14,stage2_add_isp_prior_fusion,0.157411750819948,21.438195785772116,0.7138611555099488,21.438195785772116,0.7138611555099488,0,0,0,0.675,0.002,1,0,2e-05,1e-05,5e-06,2e-06,1e-06
15,stage2_add_isp_prior_fusion,0.18966730270120832,21.53001806857636,0.7118933796882629,21.53001806857636,0.7118933796882629,0,0,0,0.65,0.0025,1,0,2e-05,1e-05,5e-06,2e-06,1e-06
16,stage2_add_isp_prior_fusion,0.18178074227439034,21.564168158762254,0.7105440974235535,21.564168158762254,0.7105440974235535,0,0,0,0.625,0.003,1,0,2e-05,1e-05,5e-06,2e-06,1e-06
17,stage2_add_isp_prior_fusion,0.19651613963974846,21.63796287295964,0.7095536470413208,21.63796287295964,0.7095536470413208,0,0,0,0.6,0.0034999999999999996,1,0,2e-05,1e-05,5e-06,2e-06,1e-06
18,stage2_add_isp_prior_fusion,0.17692414588398403,21.636810252692346,0.7090024471282959,21.63796287295964,0.7095536470413208,1,1,0,0.575,0.004,0,0,2e-05,1e-05,5e-06,2e-06,1e-06
19,stage2_add_isp_prior_fusion,0.16489764716890123,21.852905015728442,0.7107307195663453,21.852905015728442,0.7107307195663453,0,0,0,0.55,0.0045000000000000005,1,0,2e-05,1e-05,5e-06,2e-06,1e-06
20,stage2_add_isp_prior_fusion,0.16254067007038328,21.920975451022116,0.7112668275833129,21.920975451022116,0.7112668275833129,0,0,0,0.525,0.005,1,0,2e-05,1e-05,5e-06,2e-06,1e-06
21,stage3_add_efficientvit_late,0.18691152003076342,21.944447048546387,0.7139667510986328,21.944447048546387,0.7139667510986328,0,0,0,0.5,0.005,1,0,2e-05,1e-05,5e-06,2e-06,1e-06
22,stage3_add_efficientvit_late,0.1595069881942537,22.049159193730542,0.7169922113418579,22.049159193730542,0.7169922113418579,0,0,0,0.475,0.005,1,0,2e-05,1e-05,5e-06,2e-06,1e-06
23,stage3_add_efficientvit_late,0.1705838292837143,22.11550129977608,0.7208529233932495,22.11550129977608,0.7208529233932495,0,0,0,0.44999999999999996,0.005,1,0,2e-05,1e-05,5e-06,2e-06,1e-06
24,stage3_add_efficientvit_late,0.16660643451743656,22.100865116565306,0.7224784016609191,22.11550129977608,0.7208529233932495,1,1,0,0.42500000000000004,0.005,0,0,2e-05,1e-05,5e-06,2e-06,1e-06
25,stage3_add_efficientvit_late,0.18009526365333134,21.92610752969392,0.7208515644073487,22.11550129977608,0.7208529233932495,2,2,0,0.4,0.005,0,0,2e-05,1e-05,5e-06,2e-06,1e-06
26,stage3_add_efficientvit_late,0.17436320583025613,21.81063774080227,0.7196289300918579,22.11550129977608,0.7208529233932495,3,3,0,0.375,0.005,0,0,2e-05,1e-05,5e-06,2e-06,1e-06
27,stage3_add_efficientvit_late,0.15937264429198372,21.953514909513423,0.7213671445846558,22.11550129977608,0.7208529233932495,4,4,0,0.35,0.005,0,0,2e-05,1e-05,5e-06,2e-06,1e-06
28,stage3_add_efficientvit_late,0.17853362527158526,22.032183589185014,0.7229816198349,22.11550129977608,0.7208529233932495,5,0,1,0.32499999999999996,0.005,0,0,1e-05,5e-06,2.5e-06,1e-06,5e-07
29,stage3_add_efficientvit_late,0.16285963935984504,22.038567840419226,0.7229797005653381,22.11550129977608,0.7208529233932495,6,1,1,0.30000000000000004,0.005,0,0,1e-05,5e-06,2.5e-06,1e-06,5e-07
30,stage3_add_efficientvit_late,0.16238282206985685,22.090924414675946,0.7228474617004395,22.11550129977608,0.7208529233932495,7,2,1,0.275,0.005,0,0,1e-05,5e-06,2.5e-06,1e-06,5e-07
31,stage3_add_efficientvit_late,0.15941519372993046,22.105926508684313,0.7236374616622925,22.11550129977608,0.7208529233932495,8,3,1,0.25,0.005,0,0,1e-05,5e-06,2.5e-06,1e-06,5e-07
32,stage3_add_efficientvit_late,0.16249165766768986,22.129040292341735,0.7250212073326111,22.129040292341735,0.7250212073326111,0,0,1,0.22499999999999998,0.005,1,0,1e-05,5e-06,2.5e-06,1e-06,5e-07
33,stage3_add_efficientvit_late,0.16047801160150105,22.20259721655721,0.725012230873108,22.20259721655721,0.725012230873108,0,0,1,0.19999999999999996,0.005,1,0,1e-05,5e-06,2.5e-06,1e-06,5e-07
34,stage3_add_efficientvit_late,0.16832799630032647,22.22392635427735,0.7241789817810058,22.22392635427735,0.7241789817810058,0,0,1,0.17500000000000004,0.005,1,0,1e-05,5e-06,2.5e-06,1e-06,5e-07
35,stage3_add_efficientvit_late,0.16609355807304382,22.262658217803555,0.7241010904312134,22.262658217803555,0.7241010904312134,0,0,1,0.15000000000000002,0.005,1,0,1e-05,5e-06,2.5e-06,1e-06,5e-07
36,stage3_add_efficientvit_late,0.16594580809275308,22.328909474046696,0.7253638625144958,22.328909474046696,0.7253638625144958,0,0,1,0.125,0.005,1,0,1e-05,5e-06,2.5e-06,1e-06,5e-07
37,stage3_add_efficientvit_late,0.16312666651275423,22.375214416184825,0.7257943153381348,22.375214416184825,0.7257943153381348,0,0,1,0.09999999999999998,0.005,1,0,1e-05,5e-06,2.5e-06,1e-06,5e-07
38,stage3_add_efficientvit_late,0.17093313568168217,22.399226395740403,0.7257336020469666,22.399226395740403,0.7257336020469666,0,0,1,0.07499999999999996,0.005,1,0,1e-05,5e-06,2.5e-06,1e-06,5e-07
39,stage3_add_efficientvit_late,0.15877663592497507,22.3015595777137,0.7251706480979919,22.399226395740403,0.7257336020469666,1,1,1,0.050000000000000044,0.005,0,0,1e-05,5e-06,2.5e-06,1e-06,5e-07
40,stage3_add_efficientvit_late,0.14700862103038365,22.278700803778733,0.725523042678833,22.399226395740403,0.7257336020469666,2,2,1,0.025000000000000022,0.005,0,0,1e-05,5e-06,2.5e-06,1e-06,5e-07
41,stage3_add_efficientvit_late,0.15165168874793583,22.263695438380857,0.725148332118988,22.399226395740403,0.7257336020469666,3,3,1,0.0,0.005,0,0,1e-05,5e-06,2.5e-06,1e-06,5e-07
42,stage3_add_efficientvit_late,0.17715835902425978,22.203412526216198,0.7237973213195801,22.399226395740403,0.7257336020469666,4,4,1,0.0,0.005,0,0,1e-05,5e-06,2.5e-06,1e-06,5e-07
43,stage3_add_efficientvit_late,0.16143816212813059,22.11484988345847,0.7221227407455444,22.399226395740403,0.7257336020469666,5,0,2,0.0,0.005,0,0,5e-06,2.5e-06,1.25e-06,5e-07,2.5e-07
44,stage3_add_efficientvit_late,0.1661971906820933,22.268850274323782,0.7233341097831726,22.399226395740403,0.7257336020469666,6,1,2,0.0,0.005,0,0,5e-06,2.5e-06,1.25e-06,5e-07,2.5e-07
45,stage3_add_efficientvit_late,0.17769738866223228,22.36723005643741,0.7243064880371094,22.399226395740403,0.7257336020469666,7,2,2,0.0,0.005,0,0,5e-06,2.5e-06,1.25e-06,5e-07,2.5e-07
46,stage3_add_efficientvit_late,0.1758160259988573,22.350697693473826,0.7241983771324157,22.399226395740403,0.7257336020469666,8,3,2,0.0,0.005,0,0,5e-06,2.5e-06,1.25e-06,5e-07,2.5e-07
47,stage3_add_efficientvit_late,0.15789667516946793,22.36273721925802,0.7244717001914978,22.399226395740403,0.7257336020469666,9,4,2,0.0,0.005,0,0,5e-06,2.5e-06,1.25e-06,5e-07,2.5e-07
48,stage3_add_efficientvit_late,0.15832599086893928,22.400073303350176,0.7250919580459595,22.399226395740403,0.7257336020469666,10,0,3,0.0,0.005,0,0,2.5e-06,1.25e-06,6.25e-07,2.5e-07,1.25e-07
49,stage3_add_efficientvit_late,0.18115577929549748,22.40260761486306,0.7250107407569886,22.399226395740403,0.7257336020469666,11,1,3,0.0,0.005,0,0,2.5e-06,1.25e-06,6.25e-07,2.5e-07,1.25e-07
50,stage3_add_efficientvit_late,0.14514528959989548,22.408940206035346,0.7250077605247498,22.399226395740403,0.7257336020469666,12,2,3,0.0,0.005,0,0,2.5e-06,1.25e-06,6.25e-07,2.5e-07,1.25e-07
51,stage3_add_efficientvit_late,0.16322197765111923,22.414590743763746,0.7249086022377014,22.399226395740403,0.7257336020469666,13,0,3,0.0,0.005,0,0,2.5e-06,1.25e-06,6.25e-07,2.5e-07,1.25e-07
52,stage3_add_efficientvit_late,0.1834610617823071,22.42761268643837,0.7250032782554626,22.42761268643837,0.7250032782554626,0,0,3,0.0,0.005,1,0,2.5e-06,1.25e-06,6.25e-07,2.5e-07,1.25e-07
53,stage3_add_efficientvit_late,0.17607768211099836,22.428411260147808,0.7246151685714721,22.42761268643837,0.7250032782554626,1,1,3,0.0,0.005,0,0,2.5e-06,1.25e-06,6.25e-07,2.5e-07,1.25e-07
54,stage3_add_efficientvit_late,0.16298214346170425,22.431396782640906,0.7244970440864563,22.42761268643837,0.7250032782554626,2,2,3,0.0,0.005,0,0,2.5e-06,1.25e-06,6.25e-07,2.5e-07,1.25e-07
55,stage3_add_efficientvit_late,0.14792454656627443,22.422955066387885,0.7243569254875183,22.42761268643837,0.7250032782554626,3,3,3,0.0,0.005,0,0,2.5e-06,1.25e-06,6.25e-07,2.5e-07,1.25e-07
56,stage3_add_efficientvit_late,0.16643329130278695,22.412927440194313,0.723989737033844,22.42761268643837,0.7250032782554626,4,4,3,0.0,0.005,0,0,2.5e-06,1.25e-06,6.25e-07,2.5e-07,1.25e-07
57,stage3_add_efficientvit_late,0.16673046184910667,22.41106372713716,0.723823881149292,22.42761268643837,0.7250032782554626,5,0,4,0.0,0.005,0,0,1.25e-06,6.25e-07,3.125e-07,1.25e-07,1e-07
58,stage3_add_efficientvit_late,0.15499182790517807,22.425414939466446,0.7241047501564026,22.42761268643837,0.7250032782554626,6,1,4,0.0,0.005,0,0,1.25e-06,6.25e-07,3.125e-07,1.25e-07,1e-07
59,stage3_add_efficientvit_late,0.18964403039879268,22.437272439261534,0.7245299577713012,22.42761268643837,0.7250032782554626,7,2,4,0.0,0.005,0,0,1.25e-06,6.25e-07,3.125e-07,1.25e-07,1e-07
60,stage3_add_efficientvit_late,0.1801145937707689,22.445369750229442,0.7248641014099121,22.42761268643837,0.7250032782554626,8,0,4,0.0,0.005,0,0,1.25e-06,6.25e-07,3.125e-07,1.25e-07,1e-07
61,stage3_add_efficientvit_late,0.16329520609643725,22.45544735802868,0.7251390218734741,22.45544735802868,0.7251390218734741,0,0,4,0.0,0.005,1,0,1.25e-06,6.25e-07,3.125e-07,1.25e-07,1e-07
62,stage3_add_efficientvit_late,0.16880407763852012,22.46904668151423,0.7252686381340027,22.46904668151423,0.7252686381340027,0,0,4,0.0,0.005,1,0,1.25e-06,6.25e-07,3.125e-07,1.25e-07,1e-07
63,stage3_add_efficientvit_late,0.19118580553266737,22.477816093198264,0.7253525137901307,22.46904668151423,0.7252686381340027,1,1,4,0.0,0.005,0,0,1.25e-06,6.25e-07,3.125e-07,1.25e-07,1e-07
64,stage3_add_efficientvit_late,0.1644522605670823,22.48874413402887,0.7255961656570434,22.48874413402887,0.7255961656570434,0,0,4,0.0,0.005,1,0,1.25e-06,6.25e-07,3.125e-07,1.25e-07,1e-07
65,stage3_add_efficientvit_late,0.15488173647059333,22.491197835853534,0.7257107615470886,22.491197835853534,0.7257107615470886,0,1,4,0.0,0.005,1,0,1.25e-06,6.25e-07,3.125e-07,1.25e-07,1e-07
66,stage3_add_efficientvit_late,0.1588667415910297,22.495449734539967,0.7257420063018799,22.491197835853534,0.7257107615470886,1,2,4,0.0,0.005,0,0,1.25e-06,6.25e-07,3.125e-07,1.25e-07,1e-07
67,stage3_add_efficientvit_late,0.14822565267483392,22.500874834602264,0.7258395910263061,22.500874834602264,0.7258395910263061,0,0,4,0.0,0.005,1,0,1.25e-06,6.25e-07,3.125e-07,1.25e-07,1e-07
68,stage3_add_efficientvit_late,0.15452615916728973,22.505801794627438,0.7260094881057739,22.505801794627438,0.7260094881057739,0,1,4,0.0,0.005,1,0,1.25e-06,6.25e-07,3.125e-07,1.25e-07,1e-07
69,stage3_add_efficientvit_late,0.15945428527063793,22.502221034294088,0.7259613633155823,22.505801794627438,0.7260094881057739,1,2,4,0.0,0.005,0,0,1.25e-06,6.25e-07,3.125e-07,1.25e-07,1e-07
70,stage3_add_efficientvit_late,0.15217838353580898,22.49686623738299,0.7258713603019714,22.505801794627438,0.7260094881057739,2,3,4,0.0,0.005,0,0,1.25e-06,6.25e-07,3.125e-07,1.25e-07,1e-07
71,stage3_add_efficientvit_late,0.14809956815507677,22.498433317525844,0.7258395910263061,22.505801794627438,0.7260094881057739,3,4,4,0.0,0.005,0,0,1.25e-06,6.25e-07,3.125e-07,1.25e-07,1e-07
72,stage3_add_efficientvit_late,0.15719805740647846,22.50387257947454,0.7259378075599671,22.505801794627438,0.7260094881057739,4,0,5,0.0,0.005,0,0,6.25e-07,3.125e-07,1.5625e-07,1e-07,1e-07
73,stage3_add_efficientvit_late,0.17929923037687936,22.509940539354204,0.726055109500885,22.505801794627438,0.7260094881057739,5,1,5,0.0,0.005,0,0,6.25e-07,3.125e-07,1.5625e-07,1e-07,1e-07
74,stage3_add_efficientvit_late,0.17890327506595188,22.512349288358127,0.7261246323585511,22.512349288358127,0.7261246323585511,0,0,5,0.0,0.005,1,0,6.25e-07,3.125e-07,1.5625e-07,1e-07,1e-07
75,stage3_add_efficientvit_late,0.16340045548147625,22.512462827001972,0.7261233806610108,22.512349288358127,0.7261246323585511,1,1,5,0.0,0.005,0,0,6.25e-07,3.125e-07,1.5625e-07,1e-07,1e-07
76,stage3_add_efficientvit_late,0.1474682456917233,22.511320253422593,0.7261765599250793,22.512349288358127,0.7261246323585511,2,2,5,0.0,0.005,0,0,6.25e-07,3.125e-07,1.5625e-07,1e-07,1e-07
77,stage3_add_efficientvit_late,0.15393387774626413,22.51197193105368,0.7263051509857178,22.512349288358127,0.7261246323585511,3,3,5,0.0,0.005,0,0,6.25e-07,3.125e-07,1.5625e-07,1e-07,1e-07
78,stage3_add_efficientvit_late,0.16023401584890154,22.512531205265734,0.7264235973358154,22.512531205265734,0.7264235973358154,0,4,5,0.0,0.005,1,0,6.25e-07,3.125e-07,1.5625e-07,1e-07,1e-07
79,stage3_add_efficientvit_late,0.17443281329340404,22.514995552823912,0.7265106201171875,22.512531205265734,0.7264235973358154,1,0,6,0.0,0.005,0,0,3.125e-07,1.5625e-07,1e-07,1e-07,1e-07
80,stage3_add_efficientvit_late,0.15631570584244198,22.517843779511722,0.7265772938728332,22.517843779511722,0.7265772938728332,0,1,6,0.0,0.005,1,0,3.125e-07,1.5625e-07,1e-07,1e-07,1e-07
81,stage3_add_efficientvit_late,0.15669330457846323,22.51911766027924,0.7266308426856994,22.517843779511722,0.7265772938728332,1,2,6,0.0,0.005,0,0,3.125e-07,1.5625e-07,1e-07,1e-07,1e-07
82,stage3_add_efficientvit_late,0.13819661156998742,22.520143490233018,0.7266718029975892,22.517843779511722,0.7265772938728332,2,3,6,0.0,0.005,0,0,3.125e-07,1.5625e-07,1e-07,1e-07,1e-07
83,stage3_add_efficientvit_late,0.16376392543315887,22.520834999748566,0.7266933679580688,22.520834999748566,0.7266933679580688,0,4,6,0.0,0.005,1,0,3.125e-07,1.5625e-07,1e-07,1e-07,1e-07
84,stage3_add_efficientvit_late,0.14342502173450258,22.52238772776365,0.7267512083053589,22.520834999748566,0.7266933679580688,1,0,6,0.0,0.005,0,0,3.125e-07,1.5625e-07,1e-07,1e-07,1e-07
85,stage3_add_efficientvit_late,0.1707550005780326,22.524812196974654,0.7267559170722961,22.520834999748566,0.7266933679580688,2,1,6,0.0,0.005,0,0,3.125e-07,1.5625e-07,1e-07,1e-07,1e-07
86,stage3_add_efficientvit_late,0.14078645904858908,22.525540992705896,0.7267457246780396,22.520834999748566,0.7266933679580688,3,2,6,0.0,0.005,0,0,3.125e-07,1.5625e-07,1e-07,1e-07,1e-07
87,stage3_add_efficientvit_late,0.1535856972138087,22.523705142694656,0.7266923427581787,22.520834999748566,0.7266933679580688,4,3,6,0.0,0.005,0,0,3.125e-07,1.5625e-07,1e-07,1e-07,1e-07
88,stage3_add_efficientvit_late,0.18375900056627062,22.520598830308995,0.7266188144683838,22.520834999748566,0.7266933679580688,5,4,6,0.0,0.005,0,0,3.125e-07,1.5625e-07,1e-07,1e-07,1e-07
89,stage3_add_efficientvit_late,0.1607465363211102,22.519801662453784,0.7266006350517273,22.520834999748566,0.7266933679580688,6,0,7,0.0,0.005,0,0,1.5625e-07,1e-07,1e-07,1e-07,1e-07
90,stage3_add_efficientvit_late,0.17541004055076176,22.519369030169994,0.7265828013420105,22.520834999748566,0.7266933679580688,7,1,7,0.0,0.005,0,0,1.5625e-07,1e-07,1e-07,1e-07,1e-07
91,stage3_add_efficientvit_late,0.16737989832957587,22.5194674646288,0.7265663504600525,22.520834999748566,0.7266933679580688,8,2,7,0.0,0.005,0,0,1.5625e-07,1e-07,1e-07,1e-07,1e-07
92,stage3_add_efficientvit_late,0.1533261156744427,22.518808852376793,0.7265793919563294,22.520834999748566,0.7266933679580688,9,3,7,0.0,0.005,0,0,1.5625e-07,1e-07,1e-07,1e-07,1e-07
93,stage3_add_efficientvit_late,0.15480469829506344,22.519521535903415,0.726602578163147,22.520834999748566,0.7266933679580688,10,4,7,0.0,0.005,0,0,1.5625e-07,1e-07,1e-07,1e-07,1e-07
94,stage3_add_efficientvit_late,0.15918487144841087,22.52061828321562,0.7266233682632446,22.520834999748566,0.7266933679580688,11,0,8,0.0,0.005,0,0,1e-07,1e-07,1e-07,1e-07,1e-07
95,stage3_add_efficientvit_late,0.15912897719277275,22.520871385783106,0.7266134977340698,22.520834999748566,0.7266933679580688,12,1,8,0.0,0.005,0,0,1e-07,1e-07,1e-07,1e-07,1e-07
96,stage3_add_efficientvit_late,0.1605248898267746,22.52069562561303,0.7266066431999206,22.520834999748566,0.7266933679580688,13,2,8,0.0,0.005,0,0,1e-07,1e-07,1e-07,1e-07,1e-07
97,stage3_add_efficientvit_late,0.15531767739189994,22.52070950835851,0.7266067743301392,22.520834999748566,0.7266933679580688,14,3,8,0.0,0.005,0,0,1e-07,1e-07,1e-07,1e-07,1e-07
98,stage3_add_efficientvit_late,0.15807593199941847,22.520773349386666,0.7266165137290954,22.520834999748566,0.7266933679580688,15,4,8,0.0,0.005,0,0,1e-07,1e-07,1e-07,1e-07,1e-07
99,stage3_add_efficientvit_late,0.14811225401030648,22.520213153004214,0.726618766784668,22.520834999748566,0.7266933679580688,16,0,8,0.0,0.005,0,0,1e-07,1e-07,1e-07,1e-07,1e-07
100,stage3_add_efficientvit_late,0.1434207119875484,22.520199061852104,0.726637351512909,22.520834999748566,0.7266933679580688,17,1,8,0.0,0.005,0,0,1e-07,1e-07,1e-07,1e-07,1e-07
101,stage3_add_efficientvit_late,0.15735895103878444,22.52173845800732,0.7266593217849732,22.520834999748566,0.7266933679580688,18,2,8,0.0,0.005,0,0,1e-07,1e-07,1e-07,1e-07,1e-07
102,stage3_add_efficientvit_late,0.1415974630249871,22.523003895070897,0.7266786813735961,22.520834999748566,0.7266933679580688,19,3,8,0.0,0.005,0,0,1e-07,1e-07,1e-07,1e-07,1e-07
103,stage3_add_efficientvit_late,0.17749465836418998,22.52391670642528,0.7267117738723755,22.520834999748566,0.7266933679580688,20,4,8,0.0,0.005,0,0,1e-07,1e-07,1e-07,1e-07,1e-07
